The Hollow Province,kuiperinfinite
Phokiorath,parchmentsheet
The Soul Nexus,easterbellhop
Loggother,actinlinear
Aestamar,easterbellhop
Gleaqiopia,malaysianouzel
The Dual Dominion,malaysianouzel
Aestamar,ignoramusfreak
Phokiorath,flexenvelope
The Ageless Empire,limitingcarrier
The Hollow Province,elaboratedmasses
Zeavoxus,planetabusive
The Transient Region,importanceproducer
The Hallowed Domain,actinlinear
The Dual Dominion,purebredfilm
The Infernal Earth,bookmarkleft
Zeavoxus,raggedmango
The Argent Region,mineralcentaurs
Blattearune,purebredfilm
The Regal Isles,malaysianouzel
