limitingcarrier,Matthew Woodard
easterbellhop,Alden Bryant
roguecatered,Dennis Strong
flexenvelope,Kyson Marquez
malaysianouzel,Ashlynn Hebert
kuiperinfinite,Nick Pearson
ignoramusfreak,Shannon Stone
actinlinear,Andres Underwood
mineralcentaurs,Mira Lucas
purebredfilm,Reed Harper
parchmentsheet,Britney Ross
rosaceaslither,Chase Fleming
raggedmango,Shyann Elliott
gallopinglog,Abby Terry
monkeytrousers,Anastasia Crane
importanceproducer,Kiera Carlson
yearsoxford,Leah Moore
planetabusive,Tristin Shannon
bookmarkleft,Baron Travis
elaboratedmasses,Talan Dalton
