Vubrerynn,Latvia,rosaceaslither
The Argent Region,St Vincent,parchmentsheet
The Transient Region,Ecuador,bookmarkleft
The Glowing Territory,Bahrain,purebredfilm
The Dual Dominion,Italy,actinlinear
Taklinara,Cyprus,roguecatered
The Regal Isles,Kazakhstan,easterbellhop
Blattearune,Belgium,gallopinglog
The Ageless Empire,Mauritius,yearsoxford
The Infernal Earth,Bahrain,monkeytrousers
The Soul Nexus,Bulgaria,raggedmango
Zeavoxus,Cambodia,flexenvelope
Daklomelan,Cuba,mineralcentaurs
Aestamar,Maldives,importanceproducer
The Hallowed Domain,Cote D Ivoire,planetabusive
Eachothis,South Korea,ignoramusfreak
Phokiorath,Faroe Islands,malaysianouzel
Loggother,Bolivia,kuiperinfinite
Gleaqiopia,Niger,elaboratedmasses
The Hollow Province,Namibia,limitingcarrier
